fighter_name,has_ufc_stats_url,ufc_stats_url
AJ Cunningham,True,http://ufcstats.com/fighter-details/d1053e55f00e53fe
AJ Dobson,True,http://ufcstats.com/fighter-details/009c4420727149ea
AJ Fletcher,True,http://ufcstats.com/fighter-details/725b1abc9a39d873
Aaron Phillips,True,http://ufcstats.com/fighter-details/34c2b3656f88f7ef
Aaron Pico,True,http://ufcstats.com/fighter-details/5537efc6e496dd84
Abdul Rakhman Yakhyaev,True,http://ufcstats.com/fighter-details/95aff2fd8d09a5f0
Abdul Razak Alhassan,True,http://ufcstats.com/fighter-details/eae431e70064e046
Abdul-Kareem Al-Selwady,True,http://ufcstats.com/fighter-details/597499ac7a5aac62
Abu Azaitar,True,http://ufcstats.com/fighter-details/46d0a888d87d91ac
Abubakar Nurmagomedov,True,http://ufcstats.com/fighter-details/029e1293e609fd74
Abus Magomedov,True,http://ufcstats.com/fighter-details/36b8f265bcd1b7a4
Adam Fugitt,True,http://ufcstats.com/fighter-details/a01a62132460a98d
Adrian Yanez,True,http://ufcstats.com/fighter-details/0232cabbc30a2372
Aiemann Zahabi,True,http://ufcstats.com/fighter-details/24656ef4d605c96f
Ailin Perez,True,http://ufcstats.com/fighter-details/06e4245d16fc5315
Alatengheili,True,http://ufcstats.com/fighter-details/1897b7b913736a7c
Albert Duraev,True,http://ufcstats.com/fighter-details/6b7c7460855dbbb9
Alberto Montes,True,http://ufcstats.com/fighter-details/a112097ad877a48f
Alden Coria,True,http://ufcstats.com/fighter-details/5e9ca8dd7d783a75
Aleksa Camur,True,http://ufcstats.com/fighter-details/c2a670b22d2e196f
Aleksandar Rakic,True,http://ufcstats.com/fighter-details/333b9e5c723ac873
Aleksandre Topuria,True,http://ufcstats.com/fighter-details/4a6dff1b260bcf61
Alessandro Costa,True,http://ufcstats.com/fighter-details/3fa97913cfd205d3
Alex Caceres,True,http://ufcstats.com/fighter-details/7aa3d6964eff4877
Alex Morono,True,http://ufcstats.com/fighter-details/cdb96af67d096b1e
Alex Pereira,True,http://ufcstats.com/fighter-details/e5549c82bfb5582d
Alex Perez,True,http://ufcstats.com/fighter-details/ab2b4ff41d6ebe0f
Alex Reyes,True,http://ufcstats.com/fighter-details/dc07493a87dc0a6e
Alexa Grasso,True,http://ufcstats.com/fighter-details/e8b731feff72294b
Alexander Hernandez,True,http://ufcstats.com/fighter-details/262a7d06203657e6
Alexander Munoz,True,http://ufcstats.com/fighter-details/f8f1ec513bcfef43
Alexander Volkanovski,True,http://ufcstats.com/fighter-details/e1248941344b3288
Alexander Volkov,True,http://ufcstats.com/fighter-details/279566840aa55bf2
Alexandr Romanov,True,http://ufcstats.com/fighter-details/c0badf3243907e59
Alexandre Pantoja,True,http://ufcstats.com/fighter-details/a0f0004aadf10b71
Alexia Thainara,True,http://ufcstats.com/fighter-details/545092d13c67aa49
Alibi Idiris,True,http://ufcstats.com/fighter-details/30cad5a751adcb48
Alice Ardelean,True,http://ufcstats.com/fighter-details/87f8699fdcc2c404
Alice Pereira,True,http://ufcstats.com/fighter-details/81d2c551886bd5a1
Aljamain Sterling,True,http://ufcstats.com/fighter-details/cb696ebfb6598724
Allan Nascimento,True,http://ufcstats.com/fighter-details/253076a23d03dcd0
Allen Frye Jr.,True,http://ufcstats.com/fighter-details/73a78713bd899f4c
Alonzo Menifield,True,http://ufcstats.com/fighter-details/a495f599e787614f
Alvin Hines,True,http://ufcstats.com/fighter-details/ab2a4b5e04dc5fe9
Amanda Lemos,True,http://ufcstats.com/fighter-details/3df5493bb279226f
Amanda Nunes,True,http://ufcstats.com/fighter-details/80fa8218c99f9c58
Amanda Ribas,True,http://ufcstats.com/fighter-details/beecb672a279223e
Amir Albazi,True,http://ufcstats.com/fighter-details/6d35bf94f7d30241
Andre Fialho,True,http://ufcstats.com/fighter-details/33efaf2d0941cfcf
Andre Fili,True,http://ufcstats.com/fighter-details/8fd808923cffff82
Andre Lima,True,http://ufcstats.com/fighter-details/b1f21ce050035d58
Andre Muniz,True,http://ufcstats.com/fighter-details/886264a0c9f4ea5e
Andre Petroski,True,http://ufcstats.com/fighter-details/5f61780fe5e9b6d0
Andrea Lee,True,http://ufcstats.com/fighter-details/05fa626cb33d15b8
Andreas Gustafsson,True,http://ufcstats.com/fighter-details/2caf993f53541fa1
Andrei Arlovski,True,http://ufcstats.com/fighter-details/3738e68d2261e60f
Andrey Pulyaev,True,http://ufcstats.com/fighter-details/22e07d3da1aa3475
Ange Loosa,True,http://ufcstats.com/fighter-details/1497e735d9f2560a
Angel Pacheco,True,http://ufcstats.com/fighter-details/07797f10b9569cfc
Angela Hill,True,http://ufcstats.com/fighter-details/f0feeb2192937424
Anshul Jubli,True,http://ufcstats.com/fighter-details/a72a2a769fa5a2be
Ante Delija,True,http://ufcstats.com/fighter-details/7d8435c56043b0ae
Anthony Hernandez,True,http://ufcstats.com/fighter-details/093e1f5bb73850be
Anthony Smith,True,http://ufcstats.com/fighter-details/d4c9dcd330403612
Anton Turkalj,True,http://ufcstats.com/fighter-details/82529ce93cd9a2cf
Antonio Trocoli,True,http://ufcstats.com/fighter-details/6d48a2df51749d91
Aoriqileng,True,http://ufcstats.com/fighter-details/7d420039bbfe7c1a
Ariane Carnelossi,True,http://ufcstats.com/fighter-details/c0d5c0c95c59050b
Ariane da Silva,True,http://ufcstats.com/fighter-details/6551c64fbcd1a467
Arman Tsarukyan,True,http://ufcstats.com/fighter-details/eae48ff31db420c2
Armen Petrosyan,True,http://ufcstats.com/fighter-details/369ea36e450ae62a
Arnold Allen,True,http://ufcstats.com/fighter-details/040a74bb0a465c54
Ashlee Evans-Smith,True,http://ufcstats.com/fighter-details/fc6e681bf6658faf
Ashley Yoder,True,http://ufcstats.com/fighter-details/b4c6c904a9ffc5e8
Asu Almabayev,True,http://ufcstats.com/fighter-details/8d3273573b85be09
Ateba Gautier,True,http://ufcstats.com/fighter-details/2f815ed5f8278ba6
Augusto Sakai,True,http://ufcstats.com/fighter-details/441eacbe20e0e80b
Austen Lane,True,http://ufcstats.com/fighter-details/be9bdec19b7e9ffe
Austin Bashi,True,http://ufcstats.com/fighter-details/d3f89fa685bd8420
Austin Hubbard,True,http://ufcstats.com/fighter-details/d2cd7a69cc55e7ed
Austin Lingo,True,http://ufcstats.com/fighter-details/305d73ede05e31ad
Austin Vanderford,True,http://ufcstats.com/fighter-details/32c3ee378671a5d9
Axel Sola,True,http://ufcstats.com/fighter-details/1d2d98ddd05b38fb
Azamat Bekoev,True,http://ufcstats.com/fighter-details/3bc3f60b21cddc6a
Azamat Murzakanov,True,http://ufcstats.com/fighter-details/e90a2f22417af68e
Azat Maksum,True,http://ufcstats.com/fighter-details/7f1bf0c255ec8756
Baergeng Jieleyisi,True,http://ufcstats.com/fighter-details/8677e67a75d65b8e
Baisangur Susurkaev,True,http://ufcstats.com/fighter-details/d1feea7a4bdcd503
Bassil Hafez,True,http://ufcstats.com/fighter-details/f4d92416da98804b
Batgerel Danaa,True,http://ufcstats.com/fighter-details/3b0a516d2921e0d6
Bekzat Almakhan,True,http://ufcstats.com/fighter-details/a4dc0f2b95df4cc1
Belal Muhammad,True,http://ufcstats.com/fighter-details/b1b0729d27936f2f
Benardo Sopaj,True,http://ufcstats.com/fighter-details/b6c37948cb226e8c
Beneil Dariush,True,http://ufcstats.com/fighter-details/08af939f41b5a57b
Benoit Saint Denis,True,http://ufcstats.com/fighter-details/c2299ec916bc7c56
Bia Mesquita,True,http://ufcstats.com/fighter-details/eff9074bc066f0f2
Bill Algeo,True,http://ufcstats.com/fighter-details/9abc648e76c4493a
Billy Elekana,True,http://ufcstats.com/fighter-details/07a74004d964c7f4
Billy Quarantillo,True,http://ufcstats.com/fighter-details/aa171d55d4b5208f
Billy Ray Goff,True,http://ufcstats.com/fighter-details/fa07345cc9db5cc9
Blagoy Ivanov,True,http://ufcstats.com/fighter-details/1788eee370f077b7
Blake Bilder,True,http://ufcstats.com/fighter-details/5095b0920a3602aa
Blood Diamond,True,http://ufcstats.com/fighter-details/9edf2c9082cc2cd8
Bo Nickal,True,http://ufcstats.com/fighter-details/35673bf5204524ee
Bogdan Grad,True,http://ufcstats.com/fighter-details/fb37795db81f93f3
Bogdan Guskov,True,http://ufcstats.com/fighter-details/ef5dcb10d2bd4b0f
Bolaji Oki,True,http://ufcstats.com/fighter-details/4bdedbdeedff7d1d
Brad Katona,True,http://ufcstats.com/fighter-details/7b433309b0fd12aa
Brad Tavares,True,http://ufcstats.com/fighter-details/0c6d9ea8306c029e
Brady Hiestand,True,http://ufcstats.com/fighter-details/7af33fc4435017f1
Brando Pericic,True,http://ufcstats.com/fighter-details/d0fd0d9ee560dae7
Brandon Moreno,True,http://ufcstats.com/fighter-details/792be9a24df82ed6
Brandon Royval,True,http://ufcstats.com/fighter-details/6e15f63b6c2e2c15
Braxton Smith,True,http://ufcstats.com/fighter-details/eaa9402e5a7990ad
Brendan Allen,True,http://ufcstats.com/fighter-details/2f181c0467965b98
Brendon Marotte,True,http://ufcstats.com/fighter-details/d7fe8c6b7d2872e5
Brendson Ribeiro,True,http://ufcstats.com/fighter-details/49edd0d90f60fb7d
Brian Kelleher,True,http://ufcstats.com/fighter-details/7be14eaed4c74856
Brian Ortega,True,http://ufcstats.com/fighter-details/def8166ff24bd237
Brogan Walker,True,http://ufcstats.com/fighter-details/4333a8e70a672eb7
Bruna Brasil,True,http://ufcstats.com/fighter-details/7138a15258dabf20
Brunno Ferreira,True,http://ufcstats.com/fighter-details/1e719d4b676dc19a
Bruno Lopes,True,http://ufcstats.com/fighter-details/0abcf6bc47191219
Bruno Silva,True,http://ufcstats.com/fighter-details/12ebd7d157e91701
Bryan Barberena,True,http://ufcstats.com/fighter-details/a331233f597090a5
Bryan Battle,True,http://ufcstats.com/fighter-details/f626118b6da0e020
Bryce Mitchell,True,http://ufcstats.com/fighter-details/d9c6f19f958643e9
CJ Vergara,True,http://ufcstats.com/fighter-details/077e3ace32b72be9
Caio Borralho,True,http://ufcstats.com/fighter-details/4126a78111c0855a
Caio Machado,True,http://ufcstats.com/fighter-details/89839250eb25c9c1
Calvin Kattar,True,http://ufcstats.com/fighter-details/751de04455cfaac0
Cam Rowston,True,http://ufcstats.com/fighter-details/8ebc3a8da015d70c
Cameron Saaiman,True,http://ufcstats.com/fighter-details/3c8a5200436e19f3
Cameron Smotherman,True,http://ufcstats.com/fighter-details/5c84f673b7bb7c15
Caolan Loughran,True,http://ufcstats.com/fighter-details/42ac4020cba261ad
Carl Deaton,True,http://ufcstats.com/fighter-details/914a897455693650
Carla Esparza,True,http://ufcstats.com/fighter-details/d910665038efc639
Carli Judice,True,http://ufcstats.com/fighter-details/f1ab6f37492c630a
Carlos Hernandez,True,http://ufcstats.com/fighter-details/798e48f9e7f6ba22
Carlos Leal,True,http://ufcstats.com/fighter-details/28d421729451c8ca
Carlos Prates,True,http://ufcstats.com/fighter-details/7ee0fd831c0fe7c3
Carlos Ulberg,True,http://ufcstats.com/fighter-details/9014c02eff8b3d62
Carlos Vera,True,http://ufcstats.com/fighter-details/07f959e6596307bb
Carlston Harris,True,http://ufcstats.com/fighter-details/a53d30163304aa6e
Casey O'Neill,True,http://ufcstats.com/fighter-details/04835018f90b118c
Cesar Almeida,True,http://ufcstats.com/fighter-details/64d47ef881a437a4
Cezary Oleksiejczuk,True,http://ufcstats.com/fighter-details/084532da3d25f3b8
Chad Anheliger,True,http://ufcstats.com/fighter-details/c7c39e2fb70248b3
Chan Sung Jung,True,http://ufcstats.com/fighter-details/c451d67c09c55418
ChangHo Lee,True,http://ufcstats.com/fighter-details/117a06469813e4ef
Charalampos Grigoriou,True,http://ufcstats.com/fighter-details/68b8ebdfce9dbb61
Charles Johnson,True,http://ufcstats.com/fighter-details/814e5233e2acf2ee
Charles Jourdain,True,http://ufcstats.com/fighter-details/f1d64ae34e088832
Charles Oliveira,True,http://ufcstats.com/fighter-details/07225ba28ae309b6
Charles Radtke,True,http://ufcstats.com/fighter-details/feedf3053472fe56
Charlie Campbell,True,http://ufcstats.com/fighter-details/b39f7a6c2be17ee8
Chase Hooper,True,http://ufcstats.com/fighter-details/971246648e162f0d
Chase Sherman,True,http://ufcstats.com/fighter-details/01b352b6a9074d5c
Chelsea Chandler,True,http://ufcstats.com/fighter-details/af9efbfd63d39734
Chepe Mariscal,True,http://ufcstats.com/fighter-details/e0c6edcb5b5d0b90
Chidi Njokuani,True,http://ufcstats.com/fighter-details/c68c68efaa5ca6ef
Chris Barnett,True,http://ufcstats.com/fighter-details/7a5e8c94a86f9895
Chris Curtis,True,http://ufcstats.com/fighter-details/5442f1bc4b47eaf3
Chris Daukaus,True,http://ufcstats.com/fighter-details/d0aaedcf7ccd0b45
Chris Duncan,True,http://ufcstats.com/fighter-details/fd406a32a6fb3a29
Chris Gutierrez,True,http://ufcstats.com/fighter-details/45f0cc9d18f35137
Chris Padilla,True,http://ufcstats.com/fighter-details/06626b6287e1ae1e
Chris Weidman,True,http://ufcstats.com/fighter-details/3a8176e15b9887c1
Christian Leroy Duncan,True,http://ufcstats.com/fighter-details/a93f94c923c3a9cb
Christian Rodriguez,True,http://ufcstats.com/fighter-details/5ec591b78349ba7e
Christos Giagos,True,http://ufcstats.com/fighter-details/de45aaae23dfa392
Ciryl Gane,True,http://ufcstats.com/fighter-details/787bb1f087ccff8a
Claudio Puelles,True,http://ufcstats.com/fighter-details/d747eb273a40a920
Claudio Ribeiro,True,http://ufcstats.com/fighter-details/972c456ff38b2015
Clay Guida,True,http://ufcstats.com/fighter-details/c47df9303d318c67
Clayton Carpenter,True,http://ufcstats.com/fighter-details/b62d5280966b2460
Cody Brundage,True,http://ufcstats.com/fighter-details/f14f644d41ade29f
Cody Durden,True,http://ufcstats.com/fighter-details/7f6ed67d3ed3c036
Cody Garbrandt,True,http://ufcstats.com/fighter-details/d8c7c61b176e3994
Cody Gibson,True,http://ufcstats.com/fighter-details/700a674c042b7a96
Cody Haddon,True,http://ufcstats.com/fighter-details/8e6654e9f0461b8f
Cody Stamann,True,http://ufcstats.com/fighter-details/bf7ad5628363eec9
Colby Covington,True,http://ufcstats.com/fighter-details/dc9572dd6ec74859
Colby Thicknesse,True,http://ufcstats.com/fighter-details/ed7d329d7c29428d
Connor Matthews,True,http://ufcstats.com/fighter-details/36e78278a77006d4
Cortavious Romious,True,http://ufcstats.com/fighter-details/8173f134396cb971
Cory McKenna,True,http://ufcstats.com/fighter-details/3351aa64aa83c4d9
Cory Sandhagen,True,http://ufcstats.com/fighter-details/65f09bacd3957381
Court McGee,True,http://ufcstats.com/fighter-details/523fa774700d7d3f
Cristian Quinonez,True,http://ufcstats.com/fighter-details/7debc13b36343605
Cub Swanson,True,http://ufcstats.com/fighter-details/d247691a6c0e9034
Curtis Blaydes,True,http://ufcstats.com/fighter-details/fa6796c55d6c5440
Cynthia Calvillo,True,http://ufcstats.com/fighter-details/98215d037be5bcb7
Da Woon Jung,True,http://ufcstats.com/fighter-details/74f9448b97bf8bec
Da'Mon Blackshear,True,http://ufcstats.com/fighter-details/da22387a0407a2dc
Damian Pinas,True,http://ufcstats.com/fighter-details/fdd22e895a70e4a8
Damir Hadzovic,True,http://ufcstats.com/fighter-details/38c626ca912c7bac
Damir Ismagulov,True,http://ufcstats.com/fighter-details/135d124172a0bea3
Damon Jackson,True,http://ufcstats.com/fighter-details/29af297d9f1de0f8
Dan Argueta,True,http://ufcstats.com/fighter-details/e4ba58725825412d
Dan Hooker,True,http://ufcstats.com/fighter-details/193b9d1858bc4df3
Dan Ige,True,http://ufcstats.com/fighter-details/82a5152216251682
Daniel Barez,True,http://ufcstats.com/fighter-details/e8fe9c15d348e778
Daniel Frunza,True,http://ufcstats.com/fighter-details/7cec3c4a5e7b6d68
Daniel Lacerda,True,http://ufcstats.com/fighter-details/31bb0772f21cabd8
Daniel Marcos,True,http://ufcstats.com/fighter-details/850266b3dc4e506e
Daniel Pineda,True,http://ufcstats.com/fighter-details/361d49960a196976
Daniel Rodriguez,True,http://ufcstats.com/fighter-details/8a1f3b5c526cd6e6
Daniel Santos,True,http://ufcstats.com/fighter-details/b67d6bacc68d4c92
Daniel Zellhuber,True,http://ufcstats.com/fighter-details/4148802ae4a50768
Daniil Donchenko,True,http://ufcstats.com/fighter-details/70dd69b6a703257e
Danny Barlow,True,http://ufcstats.com/fighter-details/b7c5eb7cdbac6a63
Danny Roberts,True,http://ufcstats.com/fighter-details/a6cba6bb66c1a8c9
Danny Silva,True,http://ufcstats.com/fighter-details/d964a59c48381cb6
Daria Zhelezniakova,True,http://ufcstats.com/fighter-details/07047eb7d17fb0a2
Darren Elkins,True,http://ufcstats.com/fighter-details/92a9aa9c93192871
Darrius Flowers,True,http://ufcstats.com/fighter-details/65db4065e2bc107d
Davey Grant,True,http://ufcstats.com/fighter-details/113df4fde64735c6
David Dvorak,True,http://ufcstats.com/fighter-details/9ada30894bf04e19
David Martinez,True,http://ufcstats.com/fighter-details/9a97acbfd5a08bfa
David Onama,True,http://ufcstats.com/fighter-details/ffe9703408fb5964
Deiveson Figueiredo,True,http://ufcstats.com/fighter-details/aa72b0f831d0bfe5
Denis Tiuliulin,True,http://ufcstats.com/fighter-details/0112352cb32f5026
Denise Gomes,True,http://ufcstats.com/fighter-details/cffb87059e645bd1
Dennis Buzukja,True,http://ufcstats.com/fighter-details/c4d039123e62f6a9
Denys Bondar,True,http://ufcstats.com/fighter-details/2526be54e6a0e62a
Denzel Freeman,True,http://ufcstats.com/fighter-details/b5c19c34f12c917e
Derek Brunson,True,http://ufcstats.com/fighter-details/b1a3e0aca758b322
Derrick Lewis,True,http://ufcstats.com/fighter-details/d3df1add9d9a7efb
Devin Clark,True,http://ufcstats.com/fighter-details/cc7040fe76f0ef91
Diana Belbita,True,http://ufcstats.com/fighter-details/d7e40dca3ae125be
Diego Ferreira,True,http://ufcstats.com/fighter-details/f53d4f21d1b5f2dc
Diego Lopes,True,http://ufcstats.com/fighter-details/f166e93d04a8c274
Dione Barbosa,True,http://ufcstats.com/fighter-details/27b388f0aab49780
Diyar Nurgozhay,True,http://ufcstats.com/fighter-details/709fadb644ee3f51
Djorden Santos,True,http://ufcstats.com/fighter-details/312f7d7b2b2f7de4
Dom Mar Fan,True,http://ufcstats.com/fighter-details/530af2900b5a1693
Dominick Reyes,True,http://ufcstats.com/fighter-details/2e19380f34871c6a
Don Shainis,True,http://ufcstats.com/fighter-details/da4628f173337902
Don'Tale Mayes,True,http://ufcstats.com/fighter-details/1a9480fc288e55d7
DongHun Choi,True,http://ufcstats.com/fighter-details/3be16d817b36098b
Donte Johnson,True,http://ufcstats.com/fighter-details/ad5cb64af10fc946
Dooho Choi,True,http://ufcstats.com/fighter-details/e93b04e308913c2e
Douglas Silva de Andrade,True,http://ufcstats.com/fighter-details/3a314d9fa7c6825d
Drakkar Klose,True,http://ufcstats.com/fighter-details/7cbf7c78d3b34218
Drew Dober,True,http://ufcstats.com/fighter-details/519e4fe37ce9ff75
Dricus Du Plessis,True,http://ufcstats.com/fighter-details/0d7b51c9d2649a6e
Dusko Todorovic,True,http://ufcstats.com/fighter-details/866fd7b1a6c90e7f
Dustin Jacoby,True,http://ufcstats.com/fighter-details/e4277e87a789d687
Dustin Poirier,True,http://ufcstats.com/fighter-details/029eaff01e6bb8f0
Dustin Stoltzfus,True,http://ufcstats.com/fighter-details/71505842fb6455c3
Dylan Budka,True,http://ufcstats.com/fighter-details/a817e238b2747404
Ed Herman,True,http://ufcstats.com/fighter-details/06f36cf4bd97ec77
Edgar Chairez,True,http://ufcstats.com/fighter-details/5ef94841c4bc3f86
Edmen Shahbazyan,True,http://ufcstats.com/fighter-details/4144798612ef96e5
Edson Barboza,True,http://ufcstats.com/fighter-details/64a50dad704d1d49
Eduarda Moura,True,http://ufcstats.com/fighter-details/de594b35c45c2e9a
Elijah Smith,True,http://ufcstats.com/fighter-details/7478b7f959ba61f5
Elise Reed,True,http://ufcstats.com/fighter-details/ac7c765882f2c68c
Elisha Ellison,True,http://ufcstats.com/fighter-details/87e4a3a5080ee7ce
Elizeu Zaleski dos Santos,True,http://ufcstats.com/fighter-details/8adcbd525fab8d9b
Elves Brener,True,http://ufcstats.com/fighter-details/48a9a128784d53d1
Emily Ducote,True,http://ufcstats.com/fighter-details/02f8fedc18cbd26c
Eric McConico,True,http://ufcstats.com/fighter-details/9508cc6184cb2450
Eric Nolan,True,http://ufcstats.com/fighter-details/64b12fe31be7560c
Erick Gonzalez,True,http://ufcstats.com/fighter-details/a2ccf35a88346a91
Erik Silva,True,http://ufcstats.com/fighter-details/21b813b919776d90
Erin Blanchfield,True,http://ufcstats.com/fighter-details/669970f7feba8ecd
Ernesta Kareckaite,True,http://ufcstats.com/fighter-details/e4faa79383c9f214
Eryk Anders,True,http://ufcstats.com/fighter-details/cad24459b28592ca
Esteban Ribovics,True,http://ufcstats.com/fighter-details/323d4ca260dfa0ba
Ethyn Ewing,True,http://ufcstats.com/fighter-details/d776b5814f2400b4
Evan Elder,True,http://ufcstats.com/fighter-details/d9a56ecb6e94f02e
Fares Ziam,True,http://ufcstats.com/fighter-details/1e4f273069fb9e85
Farid Basharat,True,http://ufcstats.com/fighter-details/a09ed60aa67a3f67
Fatima Kline,True,http://ufcstats.com/fighter-details/745fa7b605f8e2da
Felipe Bunes,True,http://ufcstats.com/fighter-details/53c10176e3bc7416
Felipe Franco,True,http://ufcstats.com/fighter-details/e564146b9cf6dbef
Felipe Lima,True,http://ufcstats.com/fighter-details/9256f591b30c073e
Felipe dos Santos,True,http://ufcstats.com/fighter-details/5cdf5339728f580d
Feng Xiaocan,True,http://ufcstats.com/fighter-details/c940b42df95bbd28
Fernando Padilla,True,http://ufcstats.com/fighter-details/d2f43cfaf8ca3560
Fernie Garcia,True,http://ufcstats.com/fighter-details/9e92e1ca498d7244
Francis Marshall,True,http://ufcstats.com/fighter-details/5d495dec23d7c68e
Francisco Prado,True,http://ufcstats.com/fighter-details/3920d0cc288f9b0d
Gabe Green,True,http://ufcstats.com/fighter-details/5eb50529a8418b77
Gabriel Benitez,True,http://ufcstats.com/fighter-details/436f970c9ea9169c
Gabriel Bonfim,True,http://ufcstats.com/fighter-details/01641ba5df0c69b0
Gabriel Miranda,True,http://ufcstats.com/fighter-details/b909a9a9688b5284
Gabriel Santos,True,http://ufcstats.com/fighter-details/f2f140ce7532e327
Gabriella Fernandes,True,http://ufcstats.com/fighter-details/a6eb54ae17a551be
Garrett Armfield,True,http://ufcstats.com/fighter-details/1effd880e1f1bb30
Gaston Bolanos,True,http://ufcstats.com/fighter-details/96924b0019b3aff1
Gauge Young,True,http://ufcstats.com/fighter-details/b2a78df161bd67f9
Gavin Tucker,True,http://ufcstats.com/fighter-details/da816417a579a0bd
Genaro Valdez,True,http://ufcstats.com/fighter-details/cda1099995b46cc2
Geoff Neal,True,http://ufcstats.com/fighter-details/b997be68943010fc
Gerald Meerschaert,True,http://ufcstats.com/fighter-details/6ac9bc2953c47345
Germaine de Randamie,True,http://ufcstats.com/fighter-details/1d239d571e342453
Gianni Vazquez,True,http://ufcstats.com/fighter-details/51ec9dc3b4964f19
Giga Chikadze,True,http://ufcstats.com/fighter-details/9560ff14eb3129f7
Gilbert Burns,True,http://ufcstats.com/fighter-details/23024fdfc966410a
Gilbert Urbina,True,http://ufcstats.com/fighter-details/b12fb759e02378de
Gillian Robertson,True,http://ufcstats.com/fighter-details/38c7f72747f4f712
Glover Teixeira,True,http://ufcstats.com/fighter-details/7ff97850e8c32bda
Grant Dawson,True,http://ufcstats.com/fighter-details/99bd51917728c25d
Gregory Rodrigues,True,http://ufcstats.com/fighter-details/d1c65d2cf2925ddd
Guido Cannetti,True,http://ufcstats.com/fighter-details/d05412b513b19621
Guilherme Pat,True,http://ufcstats.com/fighter-details/ba15006c804a8de0
Gunnar Nelson,True,http://ufcstats.com/fighter-details/fd55393021a8c255
Guram Kutateladze,True,http://ufcstats.com/fighter-details/7772b283d288dbe2
Hailey Cowan,True,http://ufcstats.com/fighter-details/3c26c420584d912d
Hakeem Dawodu,True,http://ufcstats.com/fighter-details/2c9d00968f818270
Hamdy Abdelwahab,True,http://ufcstats.com/fighter-details/3329d692aea4dc28
Hannah Goldy,True,http://ufcstats.com/fighter-details/26e3f3928b1891d9
Harry Hardwick,True,http://ufcstats.com/fighter-details/2dbc60c52de126d8
Hecher Sosa,True,http://ufcstats.com/fighter-details/ec3bd30378d63dd1
Henry Cejudo,True,http://ufcstats.com/fighter-details/056c493bbd76a918
Herbert Burns,True,http://ufcstats.com/fighter-details/4f140403000158b5
Holly Holm,True,http://ufcstats.com/fighter-details/634e2fb70bde3fd5
Hyder Amil,True,http://ufcstats.com/fighter-details/41cc71cbf210e0fe
HyunSung Park,True,http://ufcstats.com/fighter-details/b671bdf981ad527d
Ian Machado Garry,True,http://ufcstats.com/fighter-details/442c9011034ae1fd
Iasmin Lucindo,True,http://ufcstats.com/fighter-details/abcf2cc6efc42031
Ibo Aslan,True,http://ufcstats.com/fighter-details/6e8f1bcdda94ff45
Ignacio Bahamondes,True,http://ufcstats.com/fighter-details/e4a47b07044ddd72
Igor Severino,True,http://ufcstats.com/fighter-details/6ad8e4296f7522d9
Ihor Potieria,True,http://ufcstats.com/fighter-details/260bd4cef10b033f
Ikram Aliskerov,True,http://ufcstats.com/fighter-details/b07aed698fba8624
Ilia Topuria,True,http://ufcstats.com/fighter-details/54f64b5e283b0ce7
Ilir Latifi,True,http://ufcstats.com/fighter-details/e9a3aeb207578eea
Imanol Rodriguez,True,http://ufcstats.com/fighter-details/6e8349a0a0476d60
Ion Cutelaba,True,http://ufcstats.com/fighter-details/cd13728ae1151f46
Irene Aldana,True,http://ufcstats.com/fighter-details/578ef12674df1e6a
Irina Alekseeva,True,http://ufcstats.com/fighter-details/103e2e33a60683e1
Isaac Dulgarian,True,http://ufcstats.com/fighter-details/a57cb948c4c70a47
Isaac Thomson,True,http://ufcstats.com/fighter-details/5d8006587d6a6711
Islam Dulatov,True,http://ufcstats.com/fighter-details/e803242fb2e41112
Islam Makhachev,True,http://ufcstats.com/fighter-details/275aca31f61ba28c
Ismael Bonfim,True,http://ufcstats.com/fighter-details/eb393afdbe3293d5
Ismail Naurdiev,True,http://ufcstats.com/fighter-details/6a96ad1bc34fb113
Israel Adesanya,True,http://ufcstats.com/fighter-details/1338e2c7480bdf9e
Istela Nunes,True,http://ufcstats.com/fighter-details/efc67b07eed39794
Ivan Erslan,True,http://ufcstats.com/fighter-details/64ad3e3b0efa30bb
Ivana Petrovic,True,http://ufcstats.com/fighter-details/38c5817ade8a8014
Iwo Baraniewski,True,http://ufcstats.com/fighter-details/1c23ec2f1b71be40
JJ Aldrich,True,http://ufcstats.com/fighter-details/6fd953151d981979
JP Buys,True,http://ufcstats.com/fighter-details/0b362247806341e5
Jack Della Maddalena,True,http://ufcstats.com/fighter-details/6b453bc35a823c3f
Jack Hermansson,True,http://ufcstats.com/fighter-details/0a1942069c9ad6b6
Jack Jenkins,True,http://ufcstats.com/fighter-details/a9da3158dd2c2b5a
Jack Shore,True,http://ufcstats.com/fighter-details/b8a85389d115e35a
Jackson McVey,True,http://ufcstats.com/fighter-details/3eeec2f53cebdf12
Jacob Malkoun,True,http://ufcstats.com/fighter-details/d4270315cbcf2569
Jacobe Smith,True,http://ufcstats.com/fighter-details/85497ffd934ecf7e
Jacqueline Cavalcanti,True,http://ufcstats.com/fighter-details/e3964ece586e0635
Jafel Filho,True,http://ufcstats.com/fighter-details/65adf3856c4d9256
Jai Herbert,True,http://ufcstats.com/fighter-details/4c88a1db5a46c6a4
Jailton Almeida,True,http://ufcstats.com/fighter-details/41e83a89929d1327
Jairzinho Rozenstruik,True,http://ufcstats.com/fighter-details/2cd428e9606856fd
Jake Collier,True,http://ufcstats.com/fighter-details/92fa1401b7927da3
Jake Hadley,True,http://ufcstats.com/fighter-details/60a42bf82447c919
Jake Matthews,True,http://ufcstats.com/fighter-details/a845f0735bc67405
Jakub Wiklacz,True,http://ufcstats.com/fighter-details/6902fcf0610dd303
Jalin Turner,True,http://ufcstats.com/fighter-details/4d8fa64202cee4c1
Jamahal Hill,True,http://ufcstats.com/fighter-details/5444c5a201d3ee5a
Jamal Pogues,True,http://ufcstats.com/fighter-details/f41b9f5efc7162d6
Jamall Emmers,True,http://ufcstats.com/fighter-details/e00a3dee329a51f7
James Llontop,True,http://ufcstats.com/fighter-details/93b2b7caa457cbea
Jamey-Lyn Horth,True,http://ufcstats.com/fighter-details/5c637af9472ae7cc
Jamie Mullarkey,True,http://ufcstats.com/fighter-details/af9f42e6894047fc
Jamie Pickett,True,http://ufcstats.com/fighter-details/830f60497fab345a
Jan Blachowicz,True,http://ufcstats.com/fighter-details/99df7d0a2a08a8a8
Jaqueline Amorim,True,http://ufcstats.com/fighter-details/bc7d1ad49fcb2d08
Jared Cannonier,True,http://ufcstats.com/fighter-details/13a0275fa13c4d26
Jared Gooden,True,http://ufcstats.com/fighter-details/c730a0be691dc081
Jared Gordon,True,http://ufcstats.com/fighter-details/7026eca45f65377b
Jarno Errens,True,http://ufcstats.com/fighter-details/082eba4cd80f736f
Jasmine Jasudavicius,True,http://ufcstats.com/fighter-details/a9e260472d321361
Javid Basharat,True,http://ufcstats.com/fighter-details/bbab3baf66128ae2
Javier Reyes,True,http://ufcstats.com/fighter-details/4a574b8512fc1b30
Jean Matsumoto,True,http://ufcstats.com/fighter-details/ffd3224638c01b57
Jean Silva,True,http://ufcstats.com/fighter-details/52ef95b5860fb28c
Jean-Paul Lebosnoyani,True,http://ufcstats.com/fighter-details/a3dda21be645be93
Jeka Saragih,True,http://ufcstats.com/fighter-details/57186c150c645200
Jennifer Maia,True,http://ufcstats.com/fighter-details/8e1f36476ef02a6a
JeongYeong Lee,True,http://ufcstats.com/fighter-details/d008d785f6347dc2
Jeremiah Wells,True,http://ufcstats.com/fighter-details/d66a46de8d705353
Jeremy Stephens,True,http://ufcstats.com/fighter-details/18968f97ad34f15c
Jesse Butler,True,http://ufcstats.com/fighter-details/a75a48bfe776b2c2
Jessica Andrade,True,http://ufcstats.com/fighter-details/6a1901c62ab3870f
Jessica Penne,True,http://ufcstats.com/fighter-details/c742287ed86a09bc
Jessica-Rose Clark,True,http://ufcstats.com/fighter-details/6c8072b61c276e67
Jesus Aguilar,True,http://ufcstats.com/fighter-details/c051c2e12d692b8a
Jhonata Diniz,True,http://ufcstats.com/fighter-details/25f9a5f3e8a52618
Ji Yeon Kim,True,http://ufcstats.com/fighter-details/a20f234df70f2182
Jim Miller,True,http://ufcstats.com/fighter-details/d1941565abf50b16
Jimmy Crute,True,http://ufcstats.com/fighter-details/70e1f8a821b72c8b
Jimmy Flick,True,http://ufcstats.com/fighter-details/09e62c450e754913
Jinh Yu Frey,True,http://ufcstats.com/fighter-details/d05cb1e8d1b885d8
Jiri Prochazka,True,http://ufcstats.com/fighter-details/009341ed974bad72
Joanderson Brito,True,http://ufcstats.com/fighter-details/791c8437b341fba5
Joanne Wood,True,http://ufcstats.com/fighter-details/12f91bfa8f1f723b
Joaquim Silva,True,http://ufcstats.com/fighter-details/ae7fe94f117f98cf
Joaquin Buckley,True,http://ufcstats.com/fighter-details/b9437600497350f3
Joe Pyfer,True,http://ufcstats.com/fighter-details/c1085e1701b13eca
Joe Solecki,True,http://ufcstats.com/fighter-details/af65aa688d13eedf
Joel Alvarez,True,http://ufcstats.com/fighter-details/58bbef3770bb2dfc
John Castaneda,True,http://ufcstats.com/fighter-details/5fa2974cbd18e05c
John Makdessi,True,http://ufcstats.com/fighter-details/c21a036b4e012f1c
John Yannis,True,http://ufcstats.com/fighter-details/450bcab0968562c4
Johnny Munoz,True,http://ufcstats.com/fighter-details/f6bcbd91b114ff58
Johnny Walker,True,http://ufcstats.com/fighter-details/c21f26bbde777573
Jon Jones,True,http://ufcstats.com/fighter-details/07f72a2a7591b409
Jonathan Martinez,True,http://ufcstats.com/fighter-details/f2477cf43c4975cc
Jonathan Micallef,True,http://ufcstats.com/fighter-details/f782f953bfe7b5f2
Jonathan Pearce,True,http://ufcstats.com/fighter-details/87c0b1c696ddfb43
Jonny Parsons,True,http://ufcstats.com/fighter-details/2975297f505e9447
JooSang Yoo,True,http://ufcstats.com/fighter-details/a44020ea2e8cd026
Jordan Leavitt,True,http://ufcstats.com/fighter-details/ac026518a9b4dc0f
Jordan Vucenic,True,http://ufcstats.com/fighter-details/6d38e41efa47a72d
Jordan Wright,True,http://ufcstats.com/fighter-details/c878270af633eb11
Jorge Masvidal,True,http://ufcstats.com/fighter-details/47b9e0e7703a4868
Jose Aldo,True,http://ufcstats.com/fighter-details/d0f3959b4a9747e6
Jose Daniel Medina,True,http://ufcstats.com/fighter-details/baa9be02c3e3e038
Jose Delgado,True,http://ufcstats.com/fighter-details/7d6ceff6747f2de2
Jose Johnson,True,http://ufcstats.com/fighter-details/84f727cf0166d6f2
Jose Ochoa,True,http://ufcstats.com/fighter-details/88be62d6c1e6dadb
Josefine Knutsson,True,http://ufcstats.com/fighter-details/971dba22c622af12
Joselyne Edwards,True,http://ufcstats.com/fighter-details/f9ab66e67240db7b
Joseph Holmes,True,http://ufcstats.com/fighter-details/8d20d76af3f213ce
Joseph Morales,True,http://ufcstats.com/fighter-details/2fe9032955c2e013
Josh Culibao,True,http://ufcstats.com/fighter-details/6751eacd16bd59bc
Josh Emmett,True,http://ufcstats.com/fighter-details/fba03cd6cc28dc41
Josh Fremd,True,http://ufcstats.com/fighter-details/ca43de99b07b6b40
Josh Hokit,True,http://ufcstats.com/fighter-details/955da1675ad58a50
Josh Parisian,True,http://ufcstats.com/fighter-details/b5da8f7d05e85a55
Josh Quinlan,True,http://ufcstats.com/fighter-details/876f478f796495f7
Joshua Van,True,http://ufcstats.com/fighter-details/17e97649403ba428
Josiah Harrell,True,http://ufcstats.com/fighter-details/e5864a42c80294f6
Josiane Nunes,True,http://ufcstats.com/fighter-details/68d35296f566792b
Josias Musasa,True,http://ufcstats.com/fighter-details/723b64c0e9a8f348
Journey Newson,True,http://ufcstats.com/fighter-details/78f485f851891d68
Juancamilo Ronderos,True,http://ufcstats.com/fighter-details/4a043165cf47cab2
Julia Avila,True,http://ufcstats.com/fighter-details/86d9dbe1bfcbade7
Julia Polastri,True,http://ufcstats.com/fighter-details/abb68e3c7ca128f2
Julian Erosa,True,http://ufcstats.com/fighter-details/902ec2cc48c8ae8a
Julian Marquez,True,http://ufcstats.com/fighter-details/d0e1b42d41dab603
Juliana Miller,True,http://ufcstats.com/fighter-details/aa0c573da7119292
Julianna Pena,True,http://ufcstats.com/fighter-details/3253b16d38ae087d
Julija Stoliarenko,True,http://ufcstats.com/fighter-details/a78a87d8c2bbb1cb
Julio Arce,True,http://ufcstats.com/fighter-details/1291edf2d566a71a
Julius Walker,True,http://ufcstats.com/fighter-details/6add18754930182b
JunYong Park,True,http://ufcstats.com/fighter-details/285ae0b4a68221f4
Junior Tafa,True,http://ufcstats.com/fighter-details/c15fa95b9a12fde4
Justin Gaethje,True,http://ufcstats.com/fighter-details/9e8f6c728eb01124
Justin Tafa,True,http://ufcstats.com/fighter-details/e13abac8089a801a
Kaan Ofli,True,http://ufcstats.com/fighter-details/7facc9c45d792985
Kai Asakura,True,http://ufcstats.com/fighter-details/d33da8a3d82bdb62
Kai Kara-France,True,http://ufcstats.com/fighter-details/853eb0dd5c0e2149
Kamaru Usman,True,http://ufcstats.com/fighter-details/f1b2aa7853d1ed6e
Kamuela Kirk,True,http://ufcstats.com/fighter-details/c7d7fda69ec410d3
Kanako Murata,True,http://ufcstats.com/fighter-details/e0b0cf71e0d69dd0
Karine Silva,True,http://ufcstats.com/fighter-details/9d62c2d8ee151f08
Karl Williams,True,http://ufcstats.com/fighter-details/d35f734c56a89103
Karol Rosa,True,http://ufcstats.com/fighter-details/351c4ec637380ad5
Karolina Kowalkiewicz,True,http://ufcstats.com/fighter-details/d7c3816669784109
Katlyn Cerminara,True,http://ufcstats.com/fighter-details/e872e9a9a902c045
Kaue Fernandes,True,http://ufcstats.com/fighter-details/ec13c393d029297d
Kayla Harrison,True,http://ufcstats.com/fighter-details/1af1170ed937cba7
Kaynan Kruschewsky,True,http://ufcstats.com/fighter-details/ca36633b80be4a78
Keiichiro Nakamura,True,http://ufcstats.com/fighter-details/3618e0632ecdba9c
Kelvin Gastelum,True,http://ufcstats.com/fighter-details/8c0580d4fff106c1
Kennedy Nzechukwu,True,http://ufcstats.com/fighter-details/8667caa0451d245b
Ketlen Souza,True,http://ufcstats.com/fighter-details/8bd4200561c77a62
Ketlen Vieira,True,http://ufcstats.com/fighter-details/b9706f80d005036c
Kevin Borjas,True,http://ufcstats.com/fighter-details/34b96d52db1d26e6
Kevin Christian,True,http://ufcstats.com/fighter-details/7e9b36a9847db116
Kevin Holland,True,http://ufcstats.com/fighter-details/3a46b268013afede
Kevin Jousset,True,http://ufcstats.com/fighter-details/dda15dbfafb792df
Kevin Lee,True,http://ufcstats.com/fighter-details/ee9ebceabfd16fa7
Kevin Vallejos,True,http://ufcstats.com/fighter-details/239d8e5359022f3b
Khalil Rountree Jr.,True,http://ufcstats.com/fighter-details/749f572d1d3161fb
Khamzat Chimaev,True,http://ufcstats.com/fighter-details/767755fd74662dbf
Khaos Williams,True,http://ufcstats.com/fighter-details/2558ae2e5671e318
Khusein Askhabov,True,http://ufcstats.com/fighter-details/5c10da56d712ac9c
Kiefer Crosbie,True,http://ufcstats.com/fighter-details/4729c93ba705a3bf
King Green,True,http://ufcstats.com/fighter-details/887961364be5ceb3
Kiru Sahota,True,http://ufcstats.com/fighter-details/296a120cb880477b
Klaudia Sygula,True,http://ufcstats.com/fighter-details/9f5e3c20ce40b344
Kleydson Rodrigues,True,http://ufcstats.com/fighter-details/102a8fdf8cbf7467
Kody Steele,True,http://ufcstats.com/fighter-details/aebaa8cec15b083d
Kris Moutinho,True,http://ufcstats.com/fighter-details/9c27f3217891f3f0
Kron Gracie,True,http://ufcstats.com/fighter-details/242d36d241b43c12
Kurt Holobaugh,True,http://ufcstats.com/fighter-details/a7151778b3381036
Kurtis Campbell,True,http://ufcstats.com/fighter-details/9d51798e61f2e0c7
Kyle Daukaus,True,http://ufcstats.com/fighter-details/d6c0cdd7e467c440
Kyle Nelson,True,http://ufcstats.com/fighter-details/31f8081c7600da93
Kyle Prepolec,True,http://ufcstats.com/fighter-details/873626e5547b5235
Kyler Phillips,True,http://ufcstats.com/fighter-details/60425d07ef4b91a7
Kyoji Horiguchi,True,http://ufcstats.com/fighter-details/98aa60cf58071fd6
Kyung Ho Kang,True,http://ufcstats.com/fighter-details/a7897d200692ab64
Lance Gibson Jr.,True,http://ufcstats.com/fighter-details/07bc580bdf3eb9c8
Lando Vannata,True,http://ufcstats.com/fighter-details/f9b200db02b488d9
Landon Quinones,True,http://ufcstats.com/fighter-details/267f4a6568abe245
Lauren Murphy,True,http://ufcstats.com/fighter-details/729d4bd5a6cd0a97
Lawrence Lui,True,http://ufcstats.com/fighter-details/a1ad35b98a9136e5
Leon Edwards,True,http://ufcstats.com/fighter-details/f1fac969a1d70b08
Lerone Murphy,True,http://ufcstats.com/fighter-details/396fe87b84ac2e1c
Lerryan Douglas,True,http://ufcstats.com/fighter-details/640a0f838f057a81
Li Jingliang,True,http://ufcstats.com/fighter-details/e64b96c07d7ce999
Liang Na,True,http://ufcstats.com/fighter-details/ec0dcceace7d25a3
Lina Lansberg,True,http://ufcstats.com/fighter-details/2eeaefbfc7f9fcff
Loik Radzhabov,True,http://ufcstats.com/fighter-details/8c169fbe1ac33637
Loma Lookboonmee,True,http://ufcstats.com/fighter-details/4e30e4250cb08b61
Lone'er Kavanagh,True,http://ufcstats.com/fighter-details/bb2c3c3a466224af
Loopy Godinez,True,http://ufcstats.com/fighter-details/8e5d953bdb9ae5e7
Losene Keita,True,http://ufcstats.com/fighter-details/5b43d68174b6e2ab
Louie Sutherland,True,http://ufcstats.com/fighter-details/cdb7b38b1b357f26
Luan Lacerda,True,http://ufcstats.com/fighter-details/6fc506e1099afe20
Luana Carolina,True,http://ufcstats.com/fighter-details/528b071cf3da7c56
Luana Pinheiro,True,http://ufcstats.com/fighter-details/a3a542074109b347
Luana Santos,True,http://ufcstats.com/fighter-details/5078e1dacf9d25f4
Lucas Alexander,True,http://ufcstats.com/fighter-details/11583163f45c7b31
Lucas Almeida,True,http://ufcstats.com/fighter-details/710f0f8c5d5c9d41
Lucas Rocha,True,http://ufcstats.com/fighter-details/e0d3d9b564f95635
Lucie Pudilova,True,http://ufcstats.com/fighter-details/3cf66c62d9069f43
Ludovit Klein,True,http://ufcstats.com/fighter-details/5b86d491d63890c5
Luis Gurule,True,http://ufcstats.com/fighter-details/29162be25ebef5f0
Luis Pajuelo,True,http://ufcstats.com/fighter-details/e530df53922f413e
Lukasz Brzeski,True,http://ufcstats.com/fighter-details/0c25d0a5e8cdbf19
Luke Fernandez,True,http://ufcstats.com/fighter-details/d62e280d0f7b6d6f
Luke Riley,True,http://ufcstats.com/fighter-details/b1de86d835638319
Mackenzie Dern,True,http://ufcstats.com/fighter-details/7447e9f28508106a
Macy Chiasson,True,http://ufcstats.com/fighter-details/9cdd2da1a9104a0b
Magomed Ankalaev,True,http://ufcstats.com/fighter-details/d802174b0c0c1f4e
Magomed Gadzhiyasulov,True,http://ufcstats.com/fighter-details/6e344b71421103da
Maheshate,True,http://ufcstats.com/fighter-details/8c1ca54b5089d199
Mairon Santos,True,http://ufcstats.com/fighter-details/480779d7f9a424d3
Makhmud Muradov,True,http://ufcstats.com/fighter-details/ea7e5bc78d9de658
Makwan Amirkhani,True,http://ufcstats.com/fighter-details/87a1dc546b1c5caf
Malcolm Gordon,True,http://ufcstats.com/fighter-details/dee294e9717012c2
Malcolm Wellmaker,True,http://ufcstats.com/fighter-details/2e45d08b3f2f02c8
Mana Martinez,True,http://ufcstats.com/fighter-details/c0386644627a7ee5
Mandy Bohm,True,http://ufcstats.com/fighter-details/297a2b35444c245b
Manel Kape,True,http://ufcstats.com/fighter-details/5d1b7e3dd9e11074
Manoel Sousa,True,http://ufcstats.com/fighter-details/5870c541798124ae
Manolo Zecchini,True,http://ufcstats.com/fighter-details/fd7ab338e4953644
Manon Fiorot,True,http://ufcstats.com/fighter-details/34ff304266360297
Mansur Abdul-Malik,True,http://ufcstats.com/fighter-details/841695e02c99a521
Mantas Kondratavicius,True,http://ufcstats.com/fighter-details/3cc506f115cbb9d5
Manuel Torres,True,http://ufcstats.com/fighter-details/2e7878927067fdca
MarQuel Mederos,True,http://ufcstats.com/fighter-details/e2be0c1a9b886d92
Marc Diakiese,True,http://ufcstats.com/fighter-details/32c355b04fc57f3a
Marc-Andre Barriault,True,http://ufcstats.com/fighter-details/8e9eb3fc86db0f7d
Marcin Prachnio,True,http://ufcstats.com/fighter-details/6370c1c1e12723d5
Marcin Tybura,True,http://ufcstats.com/fighter-details/c9cf753cfdf77fc2
Marco Tulio,True,http://ufcstats.com/fighter-details/9384e71bca6c409d
Marcos Rogerio de Lima,True,http://ufcstats.com/fighter-details/ab943cd2c3c17825
Marcus Buchecha,True,http://ufcstats.com/fighter-details/095854a135e6db55
Marcus McGhee,True,http://ufcstats.com/fighter-details/c0ac37a4a1133da9
Marek Bujlo,True,http://ufcstats.com/fighter-details/ac0874309da489b9
Maria Oliveira,True,http://ufcstats.com/fighter-details/37d752ec41ed84bb
Marina Rodriguez,True,http://ufcstats.com/fighter-details/cd2c4d30c6e13b47
Mario Bautista,True,http://ufcstats.com/fighter-details/bc711b6dd95c1af6
Mario Pinto,True,http://ufcstats.com/fighter-details/39d309957c5c210d
Mariya Agapova,True,http://ufcstats.com/fighter-details/a08ddd04eaffd81d
Mark Choinski,True,http://ufcstats.com/fighter-details/001eb2ab0f30e7ea
Mark Madsen,True,http://ufcstats.com/fighter-details/da0995f19b749cfa
Marlon Vera,True,http://ufcstats.com/fighter-details/7c7332319c14094c
Marnic Mann,True,http://ufcstats.com/fighter-details/b6203e0492a9336c
Martin Buday,True,http://ufcstats.com/fighter-details/8eb046f83e82bf26
Marvin Vettori,True,http://ufcstats.com/fighter-details/7acbb0972e75281a
Marwan Rahiki,True,http://ufcstats.com/fighter-details/6eedb757f13b9978
Maryna Moroz,True,http://ufcstats.com/fighter-details/b4192a975027aab6
Mason Jones,True,http://ufcstats.com/fighter-details/f6ad6a1e4d600e0d
Mateus Mendonca,True,http://ufcstats.com/fighter-details/48812daf291a4e23
Mateusz Gamrot,True,http://ufcstats.com/fighter-details/72db2a14ffa73ece
Mateusz Rebecki,True,http://ufcstats.com/fighter-details/849c5d9979df5357
Matheus Camilo,True,http://ufcstats.com/fighter-details/72f890c5d421e705
Matheus Nicolau,True,http://ufcstats.com/fighter-details/1a31ef98efce7a79
Matt Brown,True,http://ufcstats.com/fighter-details/31123249b0bbf52e
Matt Frevola,True,http://ufcstats.com/fighter-details/dccb63727f2f5f74
Matt Schnell,True,http://ufcstats.com/fighter-details/67c1d46f4ed16f9e
Matthew Semelsberger,True,http://ufcstats.com/fighter-details/4aa58269d0664b5b
Mauricio Rua,True,http://ufcstats.com/fighter-details/140745cbbcb023ac
Mauricio Ruffy,True,http://ufcstats.com/fighter-details/9c393e836a852f30
Max Gimenis,True,http://ufcstats.com/fighter-details/6a311920edd73c85
Max Griffin,True,http://ufcstats.com/fighter-details/b0d6a1d8ac3d563d
Max Holloway,True,http://ufcstats.com/fighter-details/150ff4cc642270b9
Maxim Grishin,True,http://ufcstats.com/fighter-details/950d0ef5c17157c5
Maycee Barber,True,http://ufcstats.com/fighter-details/6a740daf1b279661
Mayra Bueno Silva,True,http://ufcstats.com/fighter-details/cc8c623cca88f54f
Melissa Croden,True,http://ufcstats.com/fighter-details/51e2f44a8dbf6984
Melissa Gatto,True,http://ufcstats.com/fighter-details/a4a80dd7336ffd59
Melissa Martinez,True,http://ufcstats.com/fighter-details/3f4c3bc822bea45d
Melissa Mullins,True,http://ufcstats.com/fighter-details/bd532e9a2b93870c
Melquizael Costa,True,http://ufcstats.com/fighter-details/20bccc9bb4ceb23e
Melsik Baghdasaryan,True,http://ufcstats.com/fighter-details/a52bc1e62cf0b7c6
Merab Dvalishvili,True,http://ufcstats.com/fighter-details/c03520b5c88ed6b4
Michael Aswell Jr.,True,http://ufcstats.com/fighter-details/01c9e4013afce141
Michael Chandler,True,http://ufcstats.com/fighter-details/4b93a88f3b1de35b
Michael Chiesa,True,http://ufcstats.com/fighter-details/c58f51dedb310998
Michael Johnson,True,http://ufcstats.com/fighter-details/511e82663651438d
Michael Morales,True,http://ufcstats.com/fighter-details/c32aeb1a59e6272d
Michael Page,True,http://ufcstats.com/fighter-details/a67d071163962af8
Michal Figlak,True,http://ufcstats.com/fighter-details/b4c57a8c2b773e82
Michal Oleksiejczuk,True,http://ufcstats.com/fighter-details/0d65c432720accb9
Michel Pereira,True,http://ufcstats.com/fighter-details/595db60957de51d3
Michelle Montague,True,http://ufcstats.com/fighter-details/ca80d72da81d7224
Michelle Waterson-Gomez,True,http://ufcstats.com/fighter-details/eb04b9d31e938edb
Mick Parkin,True,http://ufcstats.com/fighter-details/0d5cc0170c1a7e71
Mickey Gall,True,http://ufcstats.com/fighter-details/9e50097a89442158
Miesha Tate,True,http://ufcstats.com/fighter-details/b96619b3acd7d9da
Miguel Baeza,True,http://ufcstats.com/fighter-details/82d4c957649faf9b
Mike Breeden,True,http://ufcstats.com/fighter-details/d80ee110748171ac
Mike Davis,True,http://ufcstats.com/fighter-details/fb3e61720be4690c
Mike Malott,True,http://ufcstats.com/fighter-details/dd6103dd7127db1d
Miles Johns,True,http://ufcstats.com/fighter-details/46e0d677f91bacc0
Miranda Maverick,True,http://ufcstats.com/fighter-details/f29a6350c69f4a33
Mitch Ramirez,True,http://ufcstats.com/fighter-details/e99eb0ef25885de5
Mitch Raposo,True,http://ufcstats.com/fighter-details/0be6776db31d98ec
Mizuki,True,http://ufcstats.com/fighter-details/43a59ce3bb40449e
Modestas Bukauskas,True,http://ufcstats.com/fighter-details/476fe566d2df676e
Mohammad Yahya,True,http://ufcstats.com/fighter-details/3753714927f18437
Mohammed Usman,True,http://ufcstats.com/fighter-details/da7f113b5ea39c43
Molly McCann,True,http://ufcstats.com/fighter-details/51018a31ddf31eb2
Montana De La Rosa,True,http://ufcstats.com/fighter-details/80d8aed0ca9b00f3
Montel Jackson,True,http://ufcstats.com/fighter-details/cc1a8b4b38b92c6d
Montse Rendon,True,http://ufcstats.com/fighter-details/60193e707634e560
Montserrat Conejo Ruiz,True,http://ufcstats.com/fighter-details/1235b31de15d0c6e
Montserrat Rendon,True,http://ufcstats.com/fighter-details/60193e707634e560
Morgan Charriere,True,http://ufcstats.com/fighter-details/5b03b61f9d90125e
Mounir Lazzez,True,http://ufcstats.com/fighter-details/49ee5024966efc0d
Movsar Evloev,True,http://ufcstats.com/fighter-details/76e2870ffafbe38f
Muhammad Mokaev,True,http://ufcstats.com/fighter-details/75353550928a7921
Muhammad Naimov,True,http://ufcstats.com/fighter-details/8d11d9c13e2ccdf7
Muin Gafurov,True,http://ufcstats.com/fighter-details/a54660deb6a8489c
Muslim Salikhov,True,http://ufcstats.com/fighter-details/447f9858ae78f921
Myktybek Orolbai,True,http://ufcstats.com/fighter-details/bf2c8e01b07d3eb1
Nasrat Haqparast,True,http://ufcstats.com/fighter-details/b7b84ccd221be298
Nassourdine Imavov,True,http://ufcstats.com/fighter-details/881bf86d4cba8578
Natalia Silva,True,http://ufcstats.com/fighter-details/262d32ebda89efc4
Natan Levy,True,http://ufcstats.com/fighter-details/a29db9cd4f9ccea5
Nate Landwehr,True,http://ufcstats.com/fighter-details/583ee11abddfc581
Nate Maness,True,http://ufcstats.com/fighter-details/6e9f40c706f91f32
Nathan Fletcher,True,http://ufcstats.com/fighter-details/a2d342ffc83913ed
Nathaniel Wood,True,http://ufcstats.com/fighter-details/329e403448756217
Navajo Stirling,True,http://ufcstats.com/fighter-details/b4b496ec2197ee3e
Nazim Sadykhov,True,http://ufcstats.com/fighter-details/ff62013d2fce6d13
Neil Magny,True,http://ufcstats.com/fighter-details/84b3e7d38f2d2ec5
Nick Aguirre,True,http://ufcstats.com/fighter-details/0978385b2bd9ef9b
Nick Fiore,True,http://ufcstats.com/fighter-details/036e96c1c12b8a59
Nick Klein,True,http://ufcstats.com/fighter-details/7eaa5e31c2dd86aa
Nicolas Dalby,True,http://ufcstats.com/fighter-details/9d19d9e4aa2662e8
Nicolle Caliari,True,http://ufcstats.com/fighter-details/fc0a4053eb8a3a59
Nikita Krylov,True,http://ufcstats.com/fighter-details/1091d4d957141094
Niko Price,True,http://ufcstats.com/fighter-details/d8da10db80131bec
Nikolas Motta,True,http://ufcstats.com/fighter-details/37f560436d745c18
Nikolay Veretennikov,True,http://ufcstats.com/fighter-details/0f1efce7d2571d10
Nora Cornolle,True,http://ufcstats.com/fighter-details/f2b3f4ef3f780168
Norma Dumont,True,http://ufcstats.com/fighter-details/d3f5d33d61cd00c9
Nursulton Ruziboev,True,http://ufcstats.com/fighter-details/49d2a08964c5eb11
Nurullo Aliev,True,http://ufcstats.com/fighter-details/ca28cdf526d6b6e9
Nyamjargal Tumendemberel,True,http://ufcstats.com/fighter-details/17cb6d8e8187f304
Oban Elliott,True,http://ufcstats.com/fighter-details/6b56e94a59b7b134
Ode Osbourne,True,http://ufcstats.com/fighter-details/6d68c1afe954f121
Omar Morales,True,http://ufcstats.com/fighter-details/a0e6753c42698f13
Orion Cosce,True,http://ufcstats.com/fighter-details/2c010b26a3306969
Ottman Azaitar,True,http://ufcstats.com/fighter-details/ee18ff42063174df
Oumar Sy,True,http://ufcstats.com/fighter-details/46e2011d92463b7e
Ovince Saint Preux,True,http://ufcstats.com/fighter-details/50db8711c70196cd
Ozzy Diaz,True,http://ufcstats.com/fighter-details/6967153c7edb4d87
Paddy Pimblett,True,http://ufcstats.com/fighter-details/7826923b47f8d72a
Pannie Kianzad,True,http://ufcstats.com/fighter-details/91dac5e69e28d5b5
Parker Porter,True,http://ufcstats.com/fighter-details/ac40f7e3cbecdda4
Pat Sabatini,True,http://ufcstats.com/fighter-details/b8bbdeff718dbb7d
Patchy Mix,True,http://ufcstats.com/fighter-details/2cfba6c837c03ed0
Patricio Freire,True,http://ufcstats.com/fighter-details/98a58c26c5b1ed17
Paul Craig,True,http://ufcstats.com/fighter-details/eabf206b162b3b83
Paulo Costa,True,http://ufcstats.com/fighter-details/2e5c2aa8e4ab9d82
Payton Talbott,True,http://ufcstats.com/fighter-details/6e743a33d56bdaa4
Pedro Falcao,True,http://ufcstats.com/fighter-details/f7be1db194e03d7e
Pedro Munhoz,True,http://ufcstats.com/fighter-details/6bd02119599741a4
Pete Rodriguez,True,http://ufcstats.com/fighter-details/776d4262c4da38bf
Petr Yan,True,http://ufcstats.com/fighter-details/d661ce4da776fc20
Phil Hawes,True,http://ufcstats.com/fighter-details/547afe1017e72dbe
Phil Rowe,True,http://ufcstats.com/fighter-details/8e382b585a92affe
Philipe Lins,True,http://ufcstats.com/fighter-details/53c943c873cffe90
Piera Rodriguez,True,http://ufcstats.com/fighter-details/e375cb5caf4717b6
Polyana Viana,True,http://ufcstats.com/fighter-details/9673a497a9da119a
Preston Parsons,True,http://ufcstats.com/fighter-details/9fe7af8b3fbe00a0
Priscila Cachoeira,True,http://ufcstats.com/fighter-details/b1e5bcaad32a3cac
Puja Tomar,True,http://ufcstats.com/fighter-details/19f8a2f6eecd92ac
Punahele Soriano,True,http://ufcstats.com/fighter-details/64facb6cc564262d
Quang Le,True,http://ufcstats.com/fighter-details/32feae6d9a1e5047
Quillan Salkilld,True,http://ufcstats.com/fighter-details/17734443a833cdf7
Rafa Garcia,True,http://ufcstats.com/fighter-details/e132d47bd9efbbe0
Rafael Alves,True,http://ufcstats.com/fighter-details/029afd138865d20a
Rafael Cerqueira,True,http://ufcstats.com/fighter-details/09a4447655fd4b7b
Rafael Dos Anjos,True,http://ufcstats.com/fighter-details/6a2f7c151031653d
Rafael Estevam,True,http://ufcstats.com/fighter-details/83455a9d17f57dae
Rafael Fiziev,True,http://ufcstats.com/fighter-details/c814b4c899793af6
Rafael Tobias,True,http://ufcstats.com/fighter-details/d6a8edb7410223a0
Ramazan Temirov,True,http://ufcstats.com/fighter-details/7d0a1968b38ca439
Ramiz Brahimaj,True,http://ufcstats.com/fighter-details/3d074044a33825e7
Ramon Taveras,True,http://ufcstats.com/fighter-details/c5ccd878231c5407
Randy Brown,True,http://ufcstats.com/fighter-details/c6aee362c7a7d482
Rani Yahya,True,http://ufcstats.com/fighter-details/94527830000ab715
Raoni Barcelos,True,http://ufcstats.com/fighter-details/b9f28e7045fdfce7
Raphael Assuncao,True,http://ufcstats.com/fighter-details/2f13e4020cea5b38
Raquel Pennington,True,http://ufcstats.com/fighter-details/fc169c387b4b465d
Raul Rosas Jr.,True,http://ufcstats.com/fighter-details/fe2babf95de24fb1
Ravena Oliveira,True,http://ufcstats.com/fighter-details/4948e412fa6ab67d
Rayanne dos Santos,True,http://ufcstats.com/fighter-details/02bb48869eb7ac8f
Regina Tarin,True,http://ufcstats.com/fighter-details/9f5609dba6584ab2
Rei Tsuruya,True,http://ufcstats.com/fighter-details/2f43a3e82661fa99
Reinier de Ridder,True,http://ufcstats.com/fighter-details/d549cefc7c54ab78
Renato Moicano,True,http://ufcstats.com/fighter-details/b6452706b373eea1
Rhys McKee,True,http://ufcstats.com/fighter-details/f748267c4ab6c127
Ricardo Ramos,True,http://ufcstats.com/fighter-details/1ae8f3c723aacff4
Ricky Glenn,True,http://ufcstats.com/fighter-details/814ff3018127e8fc
Ricky Simon,True,http://ufcstats.com/fighter-details/5987b2458f4b5290
Ricky Turcios,True,http://ufcstats.com/fighter-details/cd3d7e37ff2d679c
Rinat Fakhretdinov,True,http://ufcstats.com/fighter-details/8f765fd5775a8873
Rinya Nakamura,True,http://ufcstats.com/fighter-details/d8c811df0386d5e8
Rizvan Kuniev,True,http://ufcstats.com/fighter-details/739fd4fbb5d862f4
Rob Font,True,http://ufcstats.com/fighter-details/05339613bf8e9808
Robbie Lawler,True,http://ufcstats.com/fighter-details/f2925e6db404bf1d
Robelis Despaigne,True,http://ufcstats.com/fighter-details/140567899d98978a
Robert Bryczek,True,http://ufcstats.com/fighter-details/f96856f9d69fd7e4
Robert Ruchala,True,http://ufcstats.com/fighter-details/92aed9d16794f42b
Robert Valentin,True,http://ufcstats.com/fighter-details/0cd0456d6029cec2
Robert Whittaker,True,http://ufcstats.com/fighter-details/e1147d3d2dabe1ce
Roberto Romero,True,http://ufcstats.com/fighter-details/15ea371202eb25e1
Rodolfo Bellato,True,http://ufcstats.com/fighter-details/69898645d600abdb
Rodolfo Vieira,True,http://ufcstats.com/fighter-details/260e9e0d4954aea6
Rodrigo Nascimento,True,http://ufcstats.com/fighter-details/d31a5546c0e9b213
Rodrigo Sezinando,True,http://ufcstats.com/fighter-details/c06d6b18862f9a53
Rolando Bedoya,True,http://ufcstats.com/fighter-details/40a456a25d52ee65
Roman Dolidze,True,http://ufcstats.com/fighter-details/327d5f279895110d
Roman Kopylov,True,http://ufcstats.com/fighter-details/9d83f6da776ff7d6
Ronaldo Rodriguez,True,http://ufcstats.com/fighter-details/f2900678e98f6d6a
Rongzhu,True,http://ufcstats.com/fighter-details/a13d755965a4ec9f
Roosevelt Roberts,True,http://ufcstats.com/fighter-details/37c5366d18ed6c05
Rose Namajunas,True,http://ufcstats.com/fighter-details/47b63240018d5d86
Ryan Gandra,True,http://ufcstats.com/fighter-details/e463ce0a2ca474f4
Ryan Loder,True,http://ufcstats.com/fighter-details/d5bab53a1a603aac
Ryan Spann,True,http://ufcstats.com/fighter-details/a67f5afa8d6a1b80
Said Nurmagomedov,True,http://ufcstats.com/fighter-details/0fd5f4b838e890cc
Saimon Oliveira,True,http://ufcstats.com/fighter-details/72ea1984c52019b5
Sam Hughes,True,http://ufcstats.com/fighter-details/e94085e821bd81de
Sam Patterson,True,http://ufcstats.com/fighter-details/8b6e5dc2ba1edbe7
Sangwook Kim,True,http://ufcstats.com/fighter-details/a264d4e9a4d6bfe4
Santiago Luna,True,http://ufcstats.com/fighter-details/faf317c665546a36
Santiago Ponzinibbio,True,http://ufcstats.com/fighter-details/6d1bffff14897645
Saygid Izagakhmaev,True,http://ufcstats.com/fighter-details/de26d906f2874dd4
Sean Brady,True,http://ufcstats.com/fighter-details/45f7cb591c3ab00b
Sean O'Malley,True,http://ufcstats.com/fighter-details/b50a426a33da0012
Sean Sharaf,True,http://ufcstats.com/fighter-details/0f3a990526c5e706
Sean Strickland,True,http://ufcstats.com/fighter-details/0d8011111be000b2
Sean Woodson,True,http://ufcstats.com/fighter-details/4682bc59d5f55145
Sebastian Szalay,True,http://ufcstats.com/fighter-details/f201f21cf2c79eb2
Sedriques Dumas,True,http://ufcstats.com/fighter-details/4e6738062d469256
Seokhyeon Ko,True,http://ufcstats.com/fighter-details/4a07b1988477502c
Sergei Pavlovich,True,http://ufcstats.com/fighter-details/f14cf73e51b29254
Serghei Spivac,True,http://ufcstats.com/fighter-details/e2f6b2769aaedd6c
Serhiy Sidey,True,http://ufcstats.com/fighter-details/1a2bf44edb8055b6
SeungGuk Choi,True,http://ufcstats.com/fighter-details/adccbc19b22e19af
SeungWoo Choi,True,http://ufcstats.com/fighter-details/a68575214ecad140
Shamil Abdurakhimov,True,http://ufcstats.com/fighter-details/2f5cbecbbe18bac4
Shamil Gaziev,True,http://ufcstats.com/fighter-details/6747ccd6d1acd266
Shane Young,True,http://ufcstats.com/fighter-details/4cd8b03aee1d0138
Shanelle Dyer,True,http://ufcstats.com/fighter-details/cfbb3edab781dfd2
Shannon Ross,True,http://ufcstats.com/fighter-details/51c655162e462ceb
Shara Magomedov,True,http://ufcstats.com/fighter-details/06734ca9d88dec3a
Shauna Bannon,True,http://ufcstats.com/fighter-details/9c442aaf149ea982
Shavkat Rakhmonov,True,http://ufcstats.com/fighter-details/01afe0916a40c7c5
Shayilan Nuerdanbieke,True,http://ufcstats.com/fighter-details/0a73acff6325c1e2
Shem Rock,True,http://ufcstats.com/fighter-details/52b6bf4528130e86
Shi Ming,True,http://ufcstats.com/fighter-details/d683f4870742b273
Sodiq Yusuff,True,http://ufcstats.com/fighter-details/94426bb170c88115
Song Kenan,True,http://ufcstats.com/fighter-details/32490e80ddab1e5a
Song Yadong,True,http://ufcstats.com/fighter-details/efb96bf3e9ada36f
Stephanie Egger,True,http://ufcstats.com/fighter-details/5e6294b37bbef029
Stephanie Luciano,True,http://ufcstats.com/fighter-details/1b35af4d1529adf6
Stephen Thompson,True,http://ufcstats.com/fighter-details/4a28cb716c19157a
Steve Erceg,True,http://ufcstats.com/fighter-details/32ab52e5de93092d
Steve Garcia,True,http://ufcstats.com/fighter-details/97cf1a2c7c5e7889
Steven Asplund,True,http://ufcstats.com/fighter-details/e56cee1ad697db04
Steven Nguyen,True,http://ufcstats.com/fighter-details/69037fc7730e4225
Steven Peterson,True,http://ufcstats.com/fighter-details/b93c06d09d1c4ac0
Stewart Nicoll,True,http://ufcstats.com/fighter-details/2bd98ab77a8daa75
Stipe Miocic,True,http://ufcstats.com/fighter-details/d28dee5c705991df
SuYoung You,True,http://ufcstats.com/fighter-details/a474aade8eb3a8f0
Sulangrangbo,True,http://ufcstats.com/fighter-details/1dd1a3aacde66f72
Sumudaerji,True,http://ufcstats.com/fighter-details/3cf18e01cb6cbde3
TJ Brown,True,http://ufcstats.com/fighter-details/d31cbcdd7d69536d
Tabatha Ricci,True,http://ufcstats.com/fighter-details/d25240135aee03e5
Tafon Nchukwi,True,http://ufcstats.com/fighter-details/6aae253467e8f9ce
Tagir Ulanbekov,True,http://ufcstats.com/fighter-details/f00ac08ab056af5d
Tai Tuivasa,True,http://ufcstats.com/fighter-details/c62fbc117d57b943
Taila Santos,True,http://ufcstats.com/fighter-details/f7467152fd9f18a2
Tainara Lisboa,True,http://ufcstats.com/fighter-details/2c5f5749569eef66
Taiyilake Nueraji,True,http://ufcstats.com/fighter-details/7498b3ac79a3b948
Takashi Sato,True,http://ufcstats.com/fighter-details/8abac218746e04ca
Talita Alencar,True,http://ufcstats.com/fighter-details/d35298b6df168456
Tallison Teixeira,True,http://ufcstats.com/fighter-details/17923f676f100e16
Tamires Vidal,True,http://ufcstats.com/fighter-details/4f3064faf17aa711
Tanner Boser,True,http://ufcstats.com/fighter-details/04c8b08b16a5b99e
Tatiana Suarez,True,http://ufcstats.com/fighter-details/b08012bbe542592a
Tatsuro Taira,True,http://ufcstats.com/fighter-details/4461d7e47375a895
Taylor Lapilus,True,http://ufcstats.com/fighter-details/8b1ed83b02303075
Tecia Pennington,True,http://ufcstats.com/fighter-details/31ef8b67e13495b3
Tereza Bleda,True,http://ufcstats.com/fighter-details/59c438c81fbf3ece
Terrance McKinney,True,http://ufcstats.com/fighter-details/809bd1a871491508
Terrence Mitchell,True,http://ufcstats.com/fighter-details/f3ca6908f78efebe
Themba Gorimbo,True,http://ufcstats.com/fighter-details/40f3cb27fc7305a1
Thiago Moises,True,http://ufcstats.com/fighter-details/d945aae53e3e54e6
Thomas Petersen,True,http://ufcstats.com/fighter-details/764d39074a352e33
Tim Elliott,True,http://ufcstats.com/fighter-details/c96d9178c9ed9e62
Tim Means,True,http://ufcstats.com/fighter-details/4b47e71384a9522f
Timmy Cuamba,True,http://ufcstats.com/fighter-details/0e46690e55a8df75
Tofiq Musayev,True,http://ufcstats.com/fighter-details/ae81a3ac7b260411
Tom Aspinall,True,http://ufcstats.com/fighter-details/399afbabc02376b5
Tom Nolan,True,http://ufcstats.com/fighter-details/6c3b2525436cf5d4
Tony Ferguson,True,http://ufcstats.com/fighter-details/22a92d7f62195791
Tony Gravely,True,http://ufcstats.com/fighter-details/601964f9654f911a
Torrez Finney,True,http://ufcstats.com/fighter-details/fbb60f24af5d5a02
Toshiomi Kazama,True,http://ufcstats.com/fighter-details/148bb103cfbf123e
Tracy Cortez,True,http://ufcstats.com/fighter-details/68d4a891e5cf2029
Tre'ston Vines,True,http://ufcstats.com/fighter-details/563a1d42bb0e3cef
Tresean Gore,True,http://ufcstats.com/fighter-details/147e70aa6cc48cfc
Trevin Giles,True,http://ufcstats.com/fighter-details/b27a1fcb56a3035a
Trevin Jones,True,http://ufcstats.com/fighter-details/ec23c1be628d8057
Trevor Peek,True,http://ufcstats.com/fighter-details/0bc697c5936a2d0a
Trey Ogden,True,http://ufcstats.com/fighter-details/cfc3e7bb44685289
Trey Waters,True,http://ufcstats.com/fighter-details/31dbfbe4e7a6727c
Tucker Lutz,True,http://ufcstats.com/fighter-details/7832f2f62f04178f
Tuco Tokkos,True,http://ufcstats.com/fighter-details/3e8118c1ab52f211
Ty Miller,True,http://ufcstats.com/fighter-details/0859524157a19045
Tyrell Fortune,True,http://ufcstats.com/fighter-details/bc7f4b2d4c2724a2
Tyson Nam,True,http://ufcstats.com/fighter-details/6e00cfffd54653c4
Tyson Pedro,True,http://ufcstats.com/fighter-details/49e96ff8ab781589
Umar Nurmagomedov,True,http://ufcstats.com/fighter-details/2b6fc1c02736833d
Uran Satybaldiev,True,http://ufcstats.com/fighter-details/02f484417a6fa69d
Uros Medic,True,http://ufcstats.com/fighter-details/681399317dbf4701
Val Woodburn,True,http://ufcstats.com/fighter-details/7a47e068f8017019
Valentina Shevchenko,True,http://ufcstats.com/fighter-details/132deb59abae64b1
Valter Walker,True,http://ufcstats.com/fighter-details/f5779a2303ed76ec
Vanessa Demopoulos,True,http://ufcstats.com/fighter-details/2c483cf443f38ece
Veronica Hardy,True,http://ufcstats.com/fighter-details/4798e823ada58fe9
Viacheslav Borshchev,True,http://ufcstats.com/fighter-details/19c591115a58982c
Vicente Luque,True,http://ufcstats.com/fighter-details/6d4b63c767106d3a
Victor Altamirano,True,http://ufcstats.com/fighter-details/dc7927cd622676a7
Victor Henry,True,http://ufcstats.com/fighter-details/eb8d8c2a95cfccb8
Victor Hugo,True,http://ufcstats.com/fighter-details/f264ba50b007f39e
Victor Martinez,True,http://ufcstats.com/fighter-details/3e708ce33b6b18e6
Victoria Leonardo,True,http://ufcstats.com/fighter-details/9dedfdd91070ddd8
Viktoriia Dudakova,True,http://ufcstats.com/fighter-details/6c9b66b43663f2f7
Vinc Pichel,True,http://ufcstats.com/fighter-details/c77a953488e5607d
Vince Morales,True,http://ufcstats.com/fighter-details/37098a6e6c27fb66
Vinicius Oliveira,True,http://ufcstats.com/fighter-details/18d01f7f8338ae72
Vinicius Salvador,True,http://ufcstats.com/fighter-details/65cdf4ec31143d86
Virna Jandiroba,True,http://ufcstats.com/fighter-details/7dda2cf308f24a02
Vitor Petrino,True,http://ufcstats.com/fighter-details/71171fc96445bf65
Viviane Araujo,True,http://ufcstats.com/fighter-details/36541f1e6c5d4955
Volkan Oezdemir,True,http://ufcstats.com/fighter-details/0845c81e37d3bcb3
Waldo Cortes Acosta,True,http://ufcstats.com/fighter-details/fc08099550072fe4
Waldo Cortes-Acosta,True,http://ufcstats.com/fighter-details/fc08099550072fe4
Wang Cong,True,http://ufcstats.com/fighter-details/2997e7fe3c9d3d4a
Warlley Alves,True,http://ufcstats.com/fighter-details/d317a5e2b3f88c5f
Wellington Turman,True,http://ufcstats.com/fighter-details/4dcfb28c011c11b2
Wes Schultz,True,http://ufcstats.com/fighter-details/b4443fae47e7eb9d
Westin Wilson,True,http://ufcstats.com/fighter-details/7b3503352cd53abb
William Gomis,True,http://ufcstats.com/fighter-details/e1d40e8782d80bc2
William Knight,True,http://ufcstats.com/fighter-details/5da33b8fbfa5ee95
Xiao Long,True,http://ufcstats.com/fighter-details/86bace9e4ad85542
Yadier del Valle,True,http://ufcstats.com/fighter-details/70380ccdc81915b8
Yair Rodriguez,True,http://ufcstats.com/fighter-details/cbf5e6f231b55443
Yan Xiaonan,True,http://ufcstats.com/fighter-details/c41d426cc7326d1b
Yana Santos,True,http://ufcstats.com/fighter-details/3143bf892608139a
Yanal Ashmouz,True,http://ufcstats.com/fighter-details/c739c2995a275314
Yanis Ghemmouri,True,http://ufcstats.com/fighter-details/eb70e786bbdf1d16
Yaroslav Amosov,True,http://ufcstats.com/fighter-details/f139d6836efd43dd
Yazmin Jauregui,True,http://ufcstats.com/fighter-details/40cb680ae1cd331f
Yizha,True,http://ufcstats.com/fighter-details/3f11fd1751fa83b1
Yohan Lainesse,True,http://ufcstats.com/fighter-details/f998f5c102250d6e
Yousri Belgaroui,True,http://ufcstats.com/fighter-details/7674b836ce0698a0
Youssef Zalal,True,http://ufcstats.com/fighter-details/52c2ae6d2f2d2613
Yuneisy Duben,True,http://ufcstats.com/fighter-details/c3d2b9bcb4cead6b
Yusaku Kinoshita,True,http://ufcstats.com/fighter-details/21b5c82c1b89dab1
Zac Pauga,True,http://ufcstats.com/fighter-details/56f7d7ee06be4aab
Zach Reese,True,http://ufcstats.com/fighter-details/23dec7c47cb418f8
Zachary Reese,True,http://ufcstats.com/fighter-details/e9ec08ebb3f92aa3
Zachary Scroggin,True,http://ufcstats.com/fighter-details/03dee485905dbc9f
Zak Cummings,True,http://ufcstats.com/fighter-details/4ba8d454f762005d
Zarah Fairn,True,http://ufcstats.com/fighter-details/862b0b3375aa4b6e
Zhalgas Zhumagulov,True,http://ufcstats.com/fighter-details/55fa6ce3e522c8bb
Zhang Mingyang,True,http://ufcstats.com/fighter-details/8a65fd9ba31fd3f7
Zhang Weili,True,http://ufcstats.com/fighter-details/1ebe20ebbfa15e29
Zubaira Tukhugov,True,http://ufcstats.com/fighter-details/aceffa19749c4dc0
Zygimantas Ramaska,True,http://ufcstats.com/fighter-details/641ca2c2ed91b93c
